annee;libelle;code_commune;nb_benef_rsa
2012;Abbaretz;44001;41
2010;Aigrefeuille-sur-Maine;44002;31
2012;Aigrefeuille-sur-Maine;44002;33
2013;Aigrefeuille-sur-Maine;44002;33
2014;Aigrefeuille-sur-Maine;44002;35
2014;Ancenis;44003;264
2012;Avessac;44007;47
2013;Barbechat;44008;9
2013;Basse-Goulaine;44009;93
2014;Basse-Goulaine;44009;98
2012;Batz-sur-Mer;44010;64
2012;Belligné;44011;21
2015;Blain;44015;230
2012;Blain;44015;180
2013;Bonnoeuvre;44017;15
2015;Bouaye;44018;103
2015;Bouée;44019;14
2010;Bourgneuf-en-Retz;44021;57
2014;Bourgneuf-en-Retz;44021;70
2012;Boussay;44022;19
2014;Brains;44024;21
2014;Campbon;44025;34
2015;Campbon;44025;31
2012;Carquefou;44026;163
2010;Casson;44027;18
2010;Châteaubriant;44036;384
2014;Châteaubriant;44036;505
2010;Chauvé;44038;23
2012;Clisson;44043;96
2010;Corcoué-sur-Logne;44156;28
2015;Corsept;44046;30
2015;Couëron;44047;436
2011;Derval;44051;50
2012;Derval;44051;54
2013;Donges;44052;159
2014;Fay-de-Bretagne;44056;51
2011;Fresnay-en-Retz;44059;10
2013;Fresnay-en-Retz;44059;17
2015;Frossay;44061;49
2010;Geneston;44223;20
2012;Geneston;44223;30
2014;Gétigné;44063;44
2013;Gorges;44064;45
2010;Grandchamps-des-Fontaines;44066;43
2015;Guémené-Penfao;44067;192
2011;Guémené-Penfao;44067;160
2012;Guenrouet;44068;44
2013;Guérande;44069;296
2011;Héric;44073;50
2010;Indre;44074;75
2012;Indre;44074;89
2011;Jans;44076;19
2014;Joué-sur-Erdre;44077;41
2014;Juigné-des-Moutiers;44078;7
2010;Juigné-des-Moutiers;44078;8
2011;Juigné-des-Moutiers;44078;7
2013;La Boissière-du-Doré;44016;8
2015;La Chapelle-Basse-Mer;44029;79
2012;La Chapelle-Basse-Mer;44029;50
2014;La Chapelle-des-Marais;44030;64
2010;La Chapelle-Glain;44031;15
2014;La Chapelle-Saint-Sauveur;44034;21
2010;La Chapelle-sur-Erdre;44035;166
2015;La Chevallerais;44221;11
2013;La Chevrolière;44041;47
2010;La Grigonnais;44224;19
2013;La Marne;44090;10
2015;La Meilleraye-de-Bretagne;44095;31
2014;La Plaine-sur-Mer;44126;73
2012;La Regrippière;44140;11
2013;La Rouxière;44147;16
2014;La Turballe;44211;98
2015;La Turballe;44211;115
2014;Lavau-sur-Loire;44080;15
2012;Le Cellier;44028;43
2013;Le Cellier;44028;47
2014;Le Croisic;44049;87
2015;Le Croisic;44049;83
2010;Le Gâvre;44062;28
2014;Le Landreau;44079;31
2015;Le Loroux-Bottereau;44084;139
2014;Le Pin;44124;17
2010;Le Pin;44124;19
2010;Le Temple-de-Bretagne;44203;10
2014;Legé;44081;94
2014;Les Sorinières;44198;122
2013;Les Sorinières;44198;107
2015;Les Touches;44205;50
2010;Les Touches;44205;11
2012;Les Touches;44205;24
2010;Malville;44089;27
2015;Marsac-sur-Don;44091;25
2012;Marsac-sur-Don;44091;20
2012;Massérac;44092;20
2010;Maumusson;44093;12
2015;Mauves-sur-Loire;44094;41
2011;Mauves-sur-Loire;44094;22
2014;Mésanger;44096;53
2010;Mésanger;44096;34
2012;Mésanger;44096;39
2015;Moisdon-la-Rivière;44099;56
2011;Moisdon-la-Rivière;44099;43
2013;Moisdon-la-Rivière;44099;44
2013;Montbert;44102;34
2010;Montrelais;44104;10
2015;Mouais;44105;9
2011;Mouais;44105;12
2010;Mouzillon;44108;19
2014;Notre-Dame-des-Landes;44111;25
2014;Orvault;44114;646
2012;Orvault;44114;502
2013;Orvault;44114;562
2014;Paimboeuf;44116;138
2012;Paimboeuf;44116;137
2013;Paimboeuf;44116;139
2013;Petit-Auverné;44121;13
2010;Pierric;44123;18
2012;Pont-Saint-Martin;44130;56
2015;Pontchâteau;44129;233
2010;Pornic;44131;273
2011;Pornic;44131;253
2014;Port-Saint-Père;44133;37
2011;Port-Saint-Père;44133;27
2013;Port-Saint-Père;44133;38
2010;Quilly;44139;16
2011;Quilly;44139;20
2014;Remouillé;44142;17
2014;Rezé;44143;1493
2015;Riaillé;44144;56
2012;Riaillé;44144;41
2011;Rouans;44145;31
2012;Rouans;44145;24
2015;Ruffigné;44148;22
2011;Saffré;44149;49
2012;Saffré;44149;50
2012;Saint-Aubin-des-Châteaux;44153;31
2010;Saint-Étienne-de-Montluc;44158;63
2011;Saint-Étienne-de-Montluc;44158;58
2010;Saint-Géréon;44160;22
2011;Saint-Gildas-des-Bois;44161;56
2012;Saint-Gildas-des-Bois;44161;57
2013;Saint-Gildas-des-Bois;44161;77
2013;Saint-Herblon;44163;16
2015;Saint-Hilaire-de-Chaléons;44164;27
2013;Saint-Hilaire-de-Chaléons;44164;36
2014;Saint-Hilaire-de-Clisson;44165;15
2010;Saint-Hilaire-de-Clisson;44165;10
2012;Saint-Joachim;44168;66
2013;Saint-Julien-de-Concelles;44169;73
2012;Saint-Julien-de-Vouvantes;44170;14
2015;Saint-Lumine-de-Clisson;44173;35
2012;Saint-Lumine-de-Clisson;44173;23
2010;Saint-Lyphard;44175;36
2012;Saint-Lyphard;44175;49
2014;Saint-Malo-de-Guersac;44176;34
2015;Saint-Malo-de-Guersac;44176;38
2010;Saint-Malo-de-Guersac;44176;33
2013;Saint-Mars-de-Coutais;44178;33
2013;Saint-Mars-la-Jaille;44180;52
2014;Saint-Même-le-Tenu;44181;13
2011;Saint-Même-le-Tenu;44181;11
2012;Saint-Michel-Chef-Chef;44182;82
2015;Saint-Molf;44183;36
2012;Saint-Nazaire;44184;3047
2011;Saint-Sulpice-des-Landes;44191;8
2011;Saint-Viaud;44192;28
2015;Saint-Vincent-des-Landes;44193;41
2010;Sévérac;44196;32
2011;Sion-les-Mines;44197;58
2012;Soulvache;44200;16
2015;Sucé-sur-Erdre;44201;92
2010;Teillé;44202;21
2012;Teillé;44202;22
2015;Thouaré-sur-Loire;44204;155
2015;Touvois;44206;33
2012;Vallet;44212;111
2010;Vertou;44215;228
2013;Vigneux-de-Bretagne;44217;55
2015;Villepot;44218;8
2011;Vritz;44219;11
2016;Avessac;44007;45
2016;Basse-Goulaine;44009;56
2016;Bouaye;44018;79
2016;Bouvron;44023;20
2016;Casson;44027;10
2016;Fay-de-Bretagne;44056;32
2016;Geneston;44223;18
2016;Gétigné;44063;20
2016;Héric;44073;51
2016;Issé;44075;40
2016;La Chapelle-Basse-Mer;44029;42
2016;La Planche;44127;16
2016;La Regrippière;44140;8
2016;La Remaudière;44141;5
2016;La Rouxière;44147;12
2016;Le Cellier;44028;39
2016;Le Fresne-sur-Loire;44060;0
2016;Le Pellerin;44120;70
2016;Ligné;44082;25
2016;Montrelais;44104;15
2016;Mouzillon;44108;16
2016;Pont-Saint-Martin;44130;56
2016;Rezé;44143;1239
2016;Saffré;44149;36
2016;Saint-Étienne-de-Mer-Morte;44157;19
2016;Saint-Lumine-de-Clisson;44173;18
2016;Saint-Lyphard;44175;22
2016;Saint-Mars-du-Désert;44179;29
2016;Saint-Mars-la-Jaille;44180;35
2016;Trans-sur-Erdre;44207;7
2016;Vallet;44212;78
2017;Blain;44015;174
2017;Cordemais;44045;17
2017;Couëron;44047;283
2017;Erbray;44054;35
2017;Frossay;44061;24
2017;Grandchamps-des-Fontaines;44066;27
2017;Haute-Goulaine;44071;33
2017;La Chevrolière;44041;38
2017;La Grigonnais;44224;19
2017;La Marne;44090;13
2017;La Planche;44127;16
2017;La Turballe;44211;77
2017;Les Sorinières;44198;81
2017;Lusanger;44086;22
2017;Petit-Auverné;44121;12
2017;Pont-Saint-Martin;44130;56
2017;Port-Saint-Père;44133;25
2017;Rouans;44145;12
2017;Saint-Aignan-Grandlieu;44150;30
2017;Sainte-Reine-de-Bretagne;44189;17
2017;Saint-Mars-du-Désert;44179;22
2017;Sion-les-Mines;44197;37
2017;Soudan;44199;40
2017;Thouaré-sur-Loire;44204;106
2017;Treffieux;44208;26
2018;Besné;44013;26
2018;Le Bignon;44014;22
2018;Bouée;44019;12
2018;Bouguenais;44020;846
2018;Boussay;44022;18
2018;Corsept;44046;20
2018;Couffé;44048;12
2018;Le Croisic;44049;66
2018;Crossac;44050;22
2018;Gorges;44064;32
2018;Machecoul-Saint-Même;44087;128
2018;Montbert;44102;13
2018;Paimboeuf;44116;98
2018;Petit-Mars;44122;19
2018;Plessé;44128;66
2018;Prinquiau;44137;8
2018;Sainte-Luce-sur-Loire;44172;220
2018;Treffieux;44208;18
2018;Loireauxence;44213;97
2018;Vieillevigne;44216;27
2018;La Roche-Blanche;44222;7
2018;Geneston;44223;14
2019;Chaumes-en-Retz;44005;61
2019;Assérac;44006;25
2019;La Bernerie-en-Retz;44012;40
2019;Le Bignon;44014;23
2019;Bouée;44019;10
2019;Boussay;44022;17
2019;Couëron;44047;305
2019;Crossac;44050;13
2019;Frossay;44061;29
2019;Gorges;44064;27
2019;Guémené-Penfao;44067;120
2019;Guérande;44069;217
2019;Marsac-sur-Don;44091;13
2019;Mesquer;44097;30
2019;Petit-Auverné;44121;8
2019;Pouillé-les-Côteaux;44134;9
2019;Ruffigné;44148;17
2019;Saffré;44149;41
2019;Saint-Aignan-Grandlieu;44150;21
2019;Saint-Gildas-des-Bois;44161;31
2019;Vair-sur-Loire;44163;31
2019;Saint-Hilaire-de-Chaléons;44164;15
2019;Saint-Père-en-Retz;44187;37
2019;Les Sorinières;44198;93
2019;Les Touches;44205;15
2019;Vigneux-de-Bretagne;44217;28
2010;La Turballe;44211;71
2011;Lavau-sur-Loire;44080;8
2013;Lavau-sur-Loire;44080;13
2011;Le Cellier;44028;41
2010;Le Fresne-sur-Loire;44060;13
2014;Le Gâvre;44062;37
2011;Le Landreau;44079;21
2012;Le Loroux-Bottereau;44084;104
2014;Le Pallet;44117;47
2010;Le Pallet;44117;28
2014;Le Pellerin;44120;99
2012;Le Pouliguen;44135;130
2015;Le Temple-de-Bretagne;44203;16
2013;Le Temple-de-Bretagne;44203;15
2015;Legé;44081;101
2014;Les Touches;44205;52
2015;Louisfert;44085;17
2014;Maisdon-sur-Sèvre;44088;31
2015;Malville;44089;48
2010;Marsac-sur-Don;44091;24
2010;Massérac;44092;15
2011;Massérac;44092;17
2012;Mauves-sur-Loire;44094;26
2010;Monnières;44100;15
2011;Montbert;44102;19
2013;Montoir-de-Bretagne;44103;228
2014;Montrelais;44104;16
2013;Montrelais;44104;11
2012;Mouzillon;44108;18
2013;Mouzillon;44108;30
2012;Nort-sur-Erdre;44110;110
2015;Noyal-sur-Brutz;44112;11
2014;Nozay;44113;102
2011;Orvault;44114;494
2015;Oudon;44115;54
2011;Oudon;44115;38
2013;Pannecé;44118;13
2013;Petit-Mars;44122;32
2014;Pierric;44123;14
2013;Pierric;44123;17
2011;Piriac-sur-Mer;44125;28
2012;Piriac-sur-Mer;44125;39
2011;Plessé;44128;93
2012;Pornic;44131;253
2015;Pornichet;44132;249
2011;Pornichet;44132;213
2012;Pouillé-les-Côteaux;44134;8
2013;Pouillé-les-Côteaux;44134;8
2015;Prinquiau;44137;29
2012;Prinquiau;44137;15
2012;Puceul;44138;10
2014;Quilly;44139;19
2010;Riaillé;44144;27
2011;Riaillé;44144;35
2013;Riaillé;44144;43
2011;Rougé;44146;34
2014;Ruffigné;44148;25
2015;Saffré;44149;61
2011;Saint-Aignan-Grandlieu;44150;32
2012;Saint-Aignan-Grandlieu;44150;35
2013;Saint-André-des-Eaux;44151;48
2014;Saint-Aubin-des-Châteaux;44153;36
2011;Saint-Brevin-les-Pins;44154;203
2011;Saint-Colomban;44155;35
2014;Saint-Étienne-de-Mer-Morte;44157;40
2013;Saint-Étienne-de-Mer-Morte;44157;23
2010;Saint-Fiacre-sur-Maine;44159;8
2011;Saint-Fiacre-sur-Maine;44159;8
2011;Saint-Géréon;44160;19
2010;Saint-Herblain;44162;1484
2013;Saint-Hilaire-de-Clisson;44165;18
2013;Saint-Julien-de-Vouvantes;44170;12
2011;Saint-Léger-les-Vignes;44171;7
2013;Saint-Léger-les-Vignes;44171;18
2014;Saint-Lumine-de-Coutais;44174;27
2013;Saint-Lyphard;44175;44
2012;Saint-Malo-de-Guersac;44176;34
2010;Saint-Mars-de-Coutais;44178;28
2012;Saint-Mars-de-Coutais;44178;26
2010;Saint-Mars-du-Désert;44179;30
2010;Saint-Mars-la-Jaille;44180;53
2012;Saint-Même-le-Tenu;44181;14
2011;Saint-Michel-Chef-Chef;44182;68
2013;Saint-Michel-Chef-Chef;44182;82
2013;Saint-Molf;44183;30
2010;Saint-Philbert-de-Grand-Lieu;44188;85
2012;Saint-Philbert-de-Grand-Lieu;44188;104
2013;Sainte-Luce-sur-Loire;44172;223
2010;Sainte-Pazanne;44186;81
2010;Sainte-Reine-de-Bretagne;44189;21
2011;Sainte-Reine-de-Bretagne;44189;21
2012;Sainte-Reine-de-Bretagne;44189;29
2010;Sautron;44194;49
2013;Sautron;44194;86
2012;Sion-les-Mines;44197;49
2010;Soudan;44199;44
2014;Sucé-sur-Erdre;44201;79
2012;Sucé-sur-Erdre;44201;56
2013;Sucé-sur-Erdre;44201;59
2010;Thouaré-sur-Loire;44204;70
2013;Thouaré-sur-Loire;44204;124
2015;Trignac;44210;302
2010;Varades;44213;50
2013;Varades;44213;65
2010;Vay;44214;23
2013;Vay;44214;25
2013;Villepot;44218;8
2011;Vue;44220;16
2010;Abbaretz;44001;39
2013;Abbaretz;44001;38
2015;Ancenis;44003;278
2013;Avessac;44007;60
2010;Basse-Goulaine;44009;74
2013;Batz-sur-Mer;44010;63
2010;Belligné;44011;18
2014;Belligné;44011;37
2010;Besné;44013;27
2013;Bouaye;44018;70
2011;Bouguenais;44020;467
2014;Boussay;44022;18
2015;Boussay;44022;28
2011;Boussay;44022;20
2011;Brains;44024;21
2015;Carquefou;44026;228
2011;Chéméré;44040;26
2011;Clisson;44043;91
2012;Conquereuil;44044;31
2010;Cordemais;44045;28
2015;Cordemais;44045;29
2011;Couffé;44048;20
2012;Couffé;44048;15
2015;Crossac;44050;31
2011;Crossac;44050;18
2014;Drefféac;44053;37
2012;Drefféac;44053;31
2013;Fercé;44058;6
2012;Frossay;44061;36
2014;Geneston;44223;37
2015;Gorges;44064;57
2014;Grandchamps-des-Fontaines;44066;63
2010;Guérande;44069;265
2010;Haute-Goulaine;44071;34
2014;Herbignac;44072;113
2014;Indre;44074;103
2010;Issé;44075;43
2010;Jans;44076;14
2013;Joué-sur-Erdre;44077;39
2014;La Baule-Escoublac;44055;393
2012;La Baule-Escoublac;44055;335
2015;La Bernerie-en-Retz;44012;62
2013;La Bernerie-en-Retz;44012;59
2014;La Bernerie-en-Retz;44012;63
2014;La Boissière-du-Doré;44016;8
2011;La Boissière-du-Doré;44016;5
2014;La Chapelle-Heulin;44032;33
2010;La Chapelle-Launay;44033;23
2014;La Chapelle-Launay;44033;24
2012;La Chapelle-Launay;44033;15
2011;La Chapelle-Saint-Sauveur;44034;22
2011;La Chevallerais;44221;9
2012;La Haie-Fouassière;44070;42
2013;La Limouzinière;44083;29
2010;La Montagne;44101;87
2014;La Regrippière;44140;19
2013;La Regrippière;44140;19
2015;La Remaudière;44141;17
2016;Blain;44015;171
2016;Bouée;44019;10
2016;Bouguenais;44020;774
2016;Cordemais;44045;15
2016;Couëron;44047;276
2016;Drefféac;44053;23
2016;Frossay;44061;21
2016;Guenrouet;44068;59
2016;Jans;44076;13
2016;La Baule-Escoublac;44055;285
2016;La Grigonnais;44224;16
2016;La Limouzinière;44083;25
2016;La Marne;44090;7
2016;La Turballe;44211;75
2016;Le Landreau;44079;14
2016;Louisfert;44085;8
2016;Mauves-sur-Loire;44094;25
2016;Nort-sur-Erdre;44110;85
2016;Oudon;44115;31
2016;Pannecé;44118;13
2016;Petit-Mars;44122;17
2016;Pornic;44131;221
2016;Pornichet;44132;184
2016;Puceul;44138;7
2016;Quilly;44139;18
2016;Saint-Aignan-Grandlieu;44150;26
2016;Saint-Aubin-des-Châteaux;44153;28
2016;Sainte-Pazanne;44186;37
2016;Sainte-Reine-de-Bretagne;44189;23
2016;Saint-Malo-de-Guersac;44176;21
2016;Saint-Philbert-de-Grand-Lieu;44188;76
2016;Saint-Vincent-des-Landes;44193;30
2016;Thouaré-sur-Loire;44204;84
2016;Varades;44213;62
2017;Basse-Goulaine;44009;73
2017;Bouvron;44023;17
2017;Divatte-sur-Loire;44029;47
2017;Héric;44073;53
2017;Juigné-des-Moutiers;44078;9
2017;La Baule-Escoublac;44055;301
2017;La Meilleraye-de-Bretagne;44095;14
2017;La Montagne;44101;102
2017;Lavau-sur-Loire;44080;8
2017;Le Pellerin;44120;75
2017;Le Pouliguen;44135;108
2017;Les Touches;44205;32
2017;Maisdon-sur-Sèvre;44088;7
2017;Maumusson;44093;24
2017;Mesquer;44097;38
2017;Montrelais;44104;0
2017;Noyal-sur-Brutz;44112;6
2017;Sainte-Anne-sur-Brivet;44152;14
2017;Saint-Joachim;44168;55
2017;Saint-Julien-de-Vouvantes;44170;22
2017;Saint-Nazaire;44184;2710
2017;Saint-Sulpice-des-Landes;44191;0
2017;Savenay;44195;76
2017;Sucé-sur-Erdre;44201;50
2017;Teillé;44202;15
2017;Vair-sur-Loire;44163;29
2011;Ancenis;44003;189
2012;Ancenis;44003;215
2012;Anetz;44004;18
2014;Anetz;44004;22
2015;Arthon-en-Retz;44005;104
2011;Arthon-en-Retz;44005;30
2010;Assérac;44006;30
2015;Assérac;44006;39
2015;Avessac;44007;65
2011;Barbechat;44008;10
2010;Batz-sur-Mer;44010;65
2010;Bonnoeuvre;44017;7
2014;Bonnoeuvre;44017;16
2012;Bonnoeuvre;44017;9
2010;Boussay;44022;18
2012;Campbon;44025;31
2014;Casson;44027;25
2013;Casson;44027;20
2015;Châteaubriant;44036;531
2014;Chéméré;44040;38
2010;Conquereuil;44044;36
2011;Corcoué-sur-Logne;44156;25
2012;Corcoué-sur-Logne;44156;30
2010;Couëron;44047;281
2013;Couffé;44048;26
2014;Derval;44051;78
2012;Donges;44052;161
2015;Drefféac;44053;40
2013;Drefféac;44053;28
2013;Fay-de-Bretagne;44056;41
2015;Fégréac;44057;53
2013;Gétigné;44063;44
2011;Gorges;44064;37
2012;Grand-Auverné;44065;18
2013;Grandchamps-des-Fontaines;44066;48
2012;Guémené-Penfao;44067;167
2010;Guenrouet;44068;56
2013;Guenrouet;44068;59
2015;Guérande;44069;362
2011;Haute-Goulaine;44071;38
2013;Haute-Goulaine;44071;41
2015;Herbignac;44072;119
2011;Herbignac;44072;68
2011;Indre;44074;78
2015;Issé;44075;53
2011;Issé;44075;33
2012;Issé;44075;37
2013;Issé;44075;32
2014;Jans;44076;27
2015;Juigné-des-Moutiers;44078;10
2015;La Baule-Escoublac;44055;398
2015;La Chapelle-Glain;44031;18
2010;La Chapelle-Heulin;44032;29
2015;La Chapelle-Heulin;44032;27
2015;La Chapelle-Launay;44033;24
2010;La Chapelle-Saint-Sauveur;44034;21
2010;La Chevrolière;44041;50
2015;La Chevrolière;44041;55
2012;La Chevrolière;44041;48
2011;La Limouzinière;44083;23
2014;La Montagne;44101;130
2012;La Planche;44127;28
2013;La Planche;44127;34
2015;La Regrippière;44140;13
2012;La Remaudière;44141;11
2010;La Rouxière;44147;21
2011;La Rouxière;44147;14
2011;Le Bignon;44014;32
2013;Le Bignon;44014;38
2015;Le Cellier;44028;50
2010;Le Croisic;44049;63
2013;Le Croisic;44049;91
2011;Le Gâvre;44062;23
2011;Le Pallet;44117;24
2011;Le Pin;44124;18
2011;Le Pouliguen;44135;104
2011;Legé;44081;61
2012;Legé;44081;56
2014;Les Moutiers-en-Retz;44106;22
2015;Les Moutiers-en-Retz;44106;34
2012;Les Moutiers-en-Retz;44106;30
2014;Ligné;44082;54
2013;Ligné;44082;42
2015;Maisdon-sur-Sèvre;44088;35
2013;Maisdon-sur-Sèvre;44088;31
2012;Malville;44089;25
2011;Marsac-sur-Don;44091;29
2013;Massérac;44092;24
2014;Maumusson;44093;12
2011;Maumusson;44093;12
2012;Maumusson;44093;17
2012;Mesquer;44097;28
2015;Missillac;44098;87
2013;Monnières;44100;19
2014;Montbert;44102;33
2014;Montoir-de-Bretagne;44103;237
2014;Mouais;44105;9
2012;Mouais;44105;10
2012;Noyal-sur-Brutz;44112;5
2012;Oudon;44115;35
2015;Paulx;44119;33
2010;Petit-Mars;44122;20
2011;Petit-Mars;44122;22
2012;Petit-Mars;44122;27
2015;Pierric;44123;22
2013;Plessé;44128;108
2011;Pontchâteau;44129;157
2015;Pornic;44131;349
2010;Pornichet;44132;206
2012;Port-Saint-Père;44133;25
2010;Pouillé-les-Côteaux;44134;6
2015;Préfailles;44136;45
2010;Préfailles;44136;35
2012;Préfailles;44136;29
2013;Quilly;44139;30
2010;Remouillé;44142;8
2011;Remouillé;44142;9
2012;Rezé;44143;1288
2015;Rouans;44145;25
2012;Rougé;44146;36
2013;Rougé;44146;37
2011;Ruffigné;44148;26
2012;Ruffigné;44148;18
2010;Saint-Aignan-Grandlieu;44150;36
2011;Saint-André-des-Eaux;44151;43
2015;Saint-Aubin-des-Châteaux;44153;51
2015;Saint-Brevin-les-Pins;44154;255
2013;Saint-Brevin-les-Pins;44154;223
2011;Saint-Étienne-de-Mer-Morte;44157;28
2013;Saint-Étienne-de-Montluc;44158;57
2014;Saint-Géréon;44160;22
2013;Saint-Géréon;44160;20
2014;Saint-Gildas-des-Bois;44161;66
2015;Saint-Hilaire-de-Clisson;44165;21
2010;Saint-Léger-les-Vignes;44171;9
2014;Saint-Lumine-de-Clisson;44173;32
2014;Saint-Mars-du-Désert;44179;40
2014;Saint-Mars-la-Jaille;44180;57
2010;Saint-Même-le-Tenu;44181;8
2013;Saint-Même-le-Tenu;44181;15
2014;Saint-Michel-Chef-Chef;44182;87
2015;Saint-Michel-Chef-Chef;44182;103
2011;Saint-Nicolas-de-Redon;44185;67
2013;Saint-Nicolas-de-Redon;44185;77
2013;Saint-Philbert-de-Grand-Lieu;44188;106
2010;Saint-Sébastien-sur-Loire;44190;358
2010;Saint-Sulpice-des-Landes;44191;11
2011;Saint-Vincent-des-Landes;44193;28
2011;Sainte-Pazanne;44186;74
2011;Savenay;44195;115
2012;Sévérac;44196;27
2013;Sévérac;44196;27
2014;Sion-les-Mines;44197;65
2013;Soudan;44199;27
2014;Soulvache;44200;17
2011;Sucé-sur-Erdre;44201;49
2014;Teillé;44202;26
2015;Teillé;44202;33
2010;Touvois;44206;16
2012;Trans-sur-Erdre;44207;14
2010;Vallet;44212;102
2013;Vallet;44212;127
2013;Vieillevigne;44216;48
2011;Vigneux-de-Bretagne;44217;44
2014;Vritz;44219;15
2013;Vritz;44219;18
2016;Batz-sur-Mer;44010;54
2016;Donges;44052;134
2016;Grandchamps-des-Fontaines;44066;27
2016;Indre;44074;71
2016;Juigné-des-Moutiers;44078;7
2016;La Chapelle-Saint-Sauveur;44034;12
2016;La Roche-Blanche;44222;5
2016;Le Temple-de-Bretagne;44203;7
2016;Lusanger;44086;22
2016;Massérac;44092;9
2016;Moisdon-la-Rivière;44099;34
2016;Orvault;44114;508
2016;Piriac-sur-Mer;44125;30
2016;Riaillé;44144;38
2016;Saint-Colomban;44155;16
2016;Saint-Julien-de-Vouvantes;44170;21
2016;Saint-Même-le-Tenu;44181;5
2016;Sucé-sur-Erdre;44201;54
2016;Vay;44214;16
2016;Vertou;44215;266
2017;Abbaretz;44001;22
2017;Carquefou;44026;175
2017;Casson;44027;8
2017;Châteaubriant;44036;400
2017;Corcoué-sur-Logne;44156;27
2017;Drefféac;44053;23
2017;Geneston;44223;13
2017;Grand-Auverné;44065;18
2017;Issé;44075;34
2017;La Chapelle-Launay;44033;13
2017;La Haie-Fouassière;44070;24
2017;La Regrippière;44140;11
2017;Le Loroux-Bottereau;44084;77
2017;Mésanger;44096;22
2017;Pontchâteau;44129;135
2017;Préfailles;44136;27
2017;Prinquiau;44137;11
2017;Riaillé;44144;41
2017;Rougé;44146;27
2017;Saint-Mars-la-Jaille;44180;66
2017;Treillières;44209;77
2017;Vritz;44219;0
2017;Vue;44220;12
2018;Ancenis-Saint-Géréon;44003;210
2018;Avessac;44007;40
2018;Carquefou;44026;167
2018;Derval;44051;44
2018;Drefféac;44053;21
2018;La Baule-Escoublac;44055;272
2018;Le Gâvre;44062;28
2018;Grandchamps-des-Fontaines;44066;40
2018;Guérande;44069;206
2018;Herbignac;44072;63
2018;Joué-sur-Erdre;44077;20
2018;Juigné-des-Moutiers;44078;6
2018;La Montagne;44101;104
2018;Montrelais;44104;11
2018;Le Pallet;44117;22
2018;Pont-Saint-Martin;44130;70
2018;Pornichet;44132;175
2018;La Regrippière;44140;9
2018;Saint-André-des-Eaux;44151;49
2018;Saint-Brevin-les-Pins;44154;184
2018;Saint-Étienne-de-Mer-Morte;44157;23
2018;Saint-Étienne-de-Montluc;44158;42
2018;Saint-Hilaire-de-Chaléons;44164;12
2018;Saint-Léger-les-Vignes;44171;8
2018;Sainte-Reine-de-Bretagne;44189;16
2018;Saint-Sébastien-sur-Loire;44190;434
2018;Les Sorinières;44198;81
2018;Treillières;44209;82
2019;Ancenis-Saint-Géréon;44003;207
2019;Campbon;44025;27
2019;La Chapelle-Glain;44031;14
2019;Château-Thébaud;44037;22
2019;Conquereuil;44044;23
2019;Cordemais;44045;23
2019;Le Croisic;44049;64
2019;Fay-de-Bretagne;44056;20
2019;La Haie-Fouassière;44070;22
2019;Legé;44081;70
2019;La Limouzinière;44083;18
2019;Mésanger;44096;31
2019;Montbert;44102;16
2019;Les Moutiers-en-Retz;44106;19
2019;Nozay;44113;59
2019;Paulx;44119;20
2019;Piriac-sur-Mer;44125;33
2019;La Planche;44127;13
2019;Plessé;44128;66
2019;Saint-Julien-de-Concelles;44169;55
2019;Sautron;44194;69
2019;Soudan;44199;24
2019;Loireauxence;44213;86
2019;Geneston;44223;11
2018;Aigrefeuille-sur-Maine;44002;25
2018;Bouvron;44023;15
2018;Casson;44027;11
2018;Le Cellier;44028;40
2018;La Chapelle-sur-Erdre;44035;228
2018;Conquereuil;44044;18
2018;Guémené-Penfao;44067;121
2018;Guenrouet;44068;48
2018;La Haie-Fouassière;44070;33
2018;Lavau-sur-Loire;44080;5
2018;Legé;44081;72
2018;Mésanger;44096;21
2018;Orvault;44114;560
2018;Pannecé;44118;6
2018;Pierric;44123;14
2018;La Plaine-sur-Mer;44126;51
2018;Port-Saint-Père;44133;23
2018;Pouillé-les-Côteaux;44134;5
2018;Le Pouliguen;44135;106
2018;Rouans;44145;15
2018;Rougé;44146;29
2018;Saint-Aubin-des-Châteaux;44153;37
2018;Saint-Julien-de-Concelles;44169;54
2018;Saint-Mars-de-Coutais;44178;19
2018;Saint-Mars-du-Désert;44179;23
2018;Vallons-de-l'Erdre;44180;80
2018;Saint-Nazaire;44184;2701
2018;Sainte-Pazanne;44186;45
2018;Saint-Viaud;44192;25
2018;Sévérac;44196;23
2018;Touvois;44206;17
2018;Trignac;44210;207
2018;Villepot;44218;8
2019;La Boissière-du-Doré;44016;7
2019;Bouvron;44023;16
2019;La Chapelle-Launay;44033;10
2019;Donges;44052;129
2019;Drefféac;44053;17
2019;Erbray;44054;24
2019;Grand-Auverné;44065;17
2019;Joué-sur-Erdre;44077;24
2019;Le Landreau;44079;17
2019;Malville;44089;22
2019;Prinquiau;44137;7
2019;La Remaudière;44141;8
2019;Sainte-Anne-sur-Brivet;44152;19
2019;Saint-Étienne-de-Mer-Morte;44157;18
2019;Saint-Mars-de-Coutais;44178;18
2019;Touvois;44206;19
2019;Trans-sur-Erdre;44207;7
2019;Villepot;44218;6
2011;Abbaretz;44001;43
2010;Ancenis;44003;195
2013;Ancenis;44003;245
2011;Anetz;44004;21
2013;Anetz;44004;25
2011;Avessac;44007;46
2014;Barbechat;44008;15
2012;Basse-Goulaine;44009;75
2014;Batz-sur-Mer;44010;70
2011;Belligné;44011;22
2012;Bouaye;44018;50
2011;Bouée;44019;10
2013;Bourgneuf-en-Retz;44021;55
2012;Château-Thébaud;44037;18
2011;Châteaubriant;44036;395
2014;Chauvé;44038;35
2012;Chéméré;44040;27
2015;Couffé;44048;20
2013;Crossac;44050;31
2015;Derval;44051;75
2014;Donges;44052;179
2010;Drefféac;44053;30
2014;Fégréac;44057;53
2011;Fégréac;44057;37
2013;Frossay;44061;35
2013;Geneston;44223;36
2015;Gétigné;44063;34
2014;Gorges;44064;51
2012;Gorges;44064;38
2011;Grandchamps-des-Fontaines;44066;43
2012;Grandchamps-des-Fontaines;44066;57
2014;Guérande;44069;309
2010;Herbignac;44072;68
2012;Herbignac;44072;71
2015;Héric;44073;79
2015;Indre;44074;110
2013;Jans;44076;26
2010;Joué-sur-Erdre;44077;22
2011;Joué-sur-Erdre;44077;30
2013;Juigné-des-Moutiers;44078;5
2010;La Baule-Escoublac;44055;342
2011;La Baule-Escoublac;44055;333
2014;La Chapelle-Basse-Mer;44029;69
2014;La Chapelle-Glain;44031;15
2012;La Chapelle-Glain;44031;12
2013;La Chapelle-Launay;44033;18
2012;La Chapelle-Saint-Sauveur;44034;19
2012;La Chevallerais;44221;10
2013;La Grigonnais;44224;18
2014;La Limouzinière;44083;28
2012;La Marne;44090;9
2012;La Meilleraye-de-Bretagne;44095;24
2011;La Plaine-sur-Mer;44126;61
2015;La Planche;44127;35
2015;Lavau-sur-Loire;44080;18
2011;Le Fresne-sur-Loire;44060;15
2012;Le Pallet;44117;31
2011;Le Pellerin;44120;75
2012;Le Pellerin;44120;78
2014;Le Temple-de-Bretagne;44203;16
2011;Les Moutiers-en-Retz;44106;24
2013;Les Touches;44205;32
2013;Louisfert;44085;17
2010;Maisdon-sur-Sèvre;44088;14
2011;Malville;44089;30
2014;Massérac;44092;22
2015;Massérac;44092;26
2015;Maumusson;44093;17
2014;Mauves-sur-Loire;44094;39
2011;Mésanger;44096;35
2011;Mesquer;44097;25
2013;Mesquer;44097;31
2010;Missillac;44098;57
2015;Montrelais;44104;17
2010;Mouais;44105;8
2013;Mouzeil;44107;17
2011;Notre-Dame-des-Landes;44111;14
2015;Nozay;44113;94
2011;Nozay;44113;80
2011;Pannecé;44118;15
2012;Pannecé;44118;16
2014;Paulx;44119;36
2014;Petit-Auverné;44121;15
2015;Petit-Auverné;44121;15
2014;Pont-Saint-Martin;44130;67
2013;Pont-Saint-Martin;44130;51
2014;Pornic;44131;316
2013;Pornichet;44132;261
2014;Pouillé-les-Côteaux;44134;11
2012;Quilly;44139;25
2015;Remouillé;44142;22
2015;Rezé;44143;1706
2013;Rezé;44143;1406
2015;Rougé;44146;49
2010;Rougé;44146;34
2013;Saffré;44149;53
2015;Saint-Étienne-de-Mer-Morte;44157;37
2012;Saint-Fiacre-sur-Maine;44159;10
2013;Saint-Fiacre-sur-Maine;44159;7
2010;Saint-Gildas-des-Bois;44161;39
2011;Saint-Hilaire-de-Chaléons;44164;18
2015;Saint-Jean-de-Boiseau;44166;102
2011;Saint-Jean-de-Boiseau;44166;73
2015;Saint-Joachim;44168;73
2015;Saint-Léger-les-Vignes;44171;16
2013;Saint-Lumine-de-Clisson;44173;24
2011;Saint-Lyphard;44175;45
2011;Saint-Mars-du-Désert;44179;29
2014;Saint-Nazaire;44184;3638
2015;Saint-Nazaire;44184;3761
2013;Saint-Père-en-Retz;44187;77
2014;Saint-Philbert-de-Grand-Lieu;44188;136
2015;Saint-Philbert-de-Grand-Lieu;44188;143
2011;Saint-Sébastien-sur-Loire;44190;441
2014;Saint-Sulpice-des-Landes;44191;18
2015;Sainte-Anne-sur-Brivet;44152;25
2011;Sainte-Luce-sur-Loire;44172;169
2013;Sainte-Reine-de-Bretagne;44189;36
2015;Sautron;44194;128
2011;Sautron;44194;52
2014;Savenay;44195;141
2010;Savenay;44195;97
2014;Sévérac;44196;33
2010;Sion-les-Mines;44197;43
2013;Sion-les-Mines;44197;54
2012;Soudan;44199;32
2013;Soulvache;44200;17
2014;Thouaré-sur-Loire;44204;160
2011;Thouaré-sur-Loire;44204;81
2014;Touvois;44206;40
2014;Trignac;44210;275
2011;Vieillevigne;44216;44
2010;Vigneux-de-Bretagne;44217;47
2014;Villepot;44218;9
2011;Villepot;44218;8
2016;Abbaretz;44001;18
2016;Anetz;44004;8
2016;Arthon-en-Retz;44005;32
2016;Barbechat;44008;6
2016;Derval;44051;47
2016;Guérande;44069;239
2016;La Bernerie-en-Retz;44012;40
2016;La Boissière-du-Doré;44016;5
2016;La Chapelle-Glain;44031;13
2016;La Chapelle-sur-Erdre;44035;216
2016;La Montagne;44101;106
2016;Le Croisic;44049;57
2016;Le Gâvre;44062;21
2016;Les Sorinières;44198;75
2016;Maisdon-sur-Sèvre;44088;13
2016;Marsac-sur-Don;44091;16
2016;Mésanger;44096;25
2016;Pontchâteau;44129;151
2016;Saint-André-des-Eaux;44151;40
2016;Saint-Brevin-les-Pins;44154;171
2016;Saint-Hilaire-de-Chaléons;44164;12
2016;Saint-Mars-de-Coutais;44178;14
2016;Saint-Père-en-Retz;44187;48
2016;Saint-Viaud;44192;20
2016;Sévérac;44196;20
2016;Treffieux;44208;25
2016;Trignac;44210;198
2016;Villepot;44218;10
2017;Batz-sur-Mer;44010;65
2017;Boussay;44022;17
2017;Campbon;44025;25
2017;Corsept;44046;21
2017;Crossac;44050;19
2017;Fay-de-Bretagne;44056;30
2017;Guenrouet;44068;48
2017;Joué-sur-Erdre;44077;25
2017;La Bernerie-en-Retz;44012;39
2017;Le Bignon;44014;19
2017;Le Fresne-sur-Loire;44060;0
2017;Le Landreau;44079;9
2017;Le Pallet;44117;18
2017;Le Pin;44124;8
2017;Ligné;44082;20
2017;Louisfert;44085;12
2017;Malville;44089;22
2017;Notre-Dame-des-Landes;44111;26
2017;Orvault;44114;562
2017;Paulx;44119;22
2017;Petit-Mars;44122;22
2017;Piriac-sur-Mer;44125;39
2017;Plessé;44128;68
2017;Pornic;44131;226
2017;Remouillé;44142;8
2017;Saffré;44149;33
2017;Saint-Aubin-des-Châteaux;44153;31
2017;Saint-Brevin-les-Pins;44154;157
2017;Sainte-Luce-sur-Loire;44172;216
2017;Sainte-Pazanne;44186;35
2017;Saint-Gildas-des-Bois;44161;20
2017;Saint-Jean-de-Boiseau;44166;64
2017;Saint-Lyphard;44175;34
2017;Saint-Malo-de-Guersac;44176;25
2017;Saint-Père-en-Retz;44187;45
2017;Saint-Philbert-de-Grand-Lieu;44188;80
2017;Saint-Sébastien-sur-Loire;44190;438
2017;Saint-Viaud;44192;20
2018;Assérac;44006;27
2018;La Chapelle-Heulin;44032;13
2018;Châteaubriant;44036;381
2018;Maisdon-sur-Sèvre;44088;15
2018;Marsac-sur-Don;44091;15
2018;Massérac;44092;17
2018;Monnières;44100;13
2018;Montoir-de-Bretagne;44103;168
2018;Les Moutiers-en-Retz;44106;22
2018;Oudon;44115;24
2018;Petit-Auverné;44121;10
2018;Piriac-sur-Mer;44125;25
2018;Préfailles;44136;22
2018;Quilly;44139;19
2018;Ruffigné;44148;21
2018;Saffré;44149;33
2018;Saint-Colomban;44155;31
2018;Saint-Jean-de-Boiseau;44166;74
2018;Saint-Lyphard;44175;32
2018;Saint-Nicolas-de-Redon;44185;79
2018;Sautron;44194;76
2018;Sion-les-Mines;44197;40
2018;Les Touches;44205;21
2019;Avessac;44007;47
2019;Clisson;44043;79
2019;Le Gâvre;44062;27
2019;Haute-Goulaine;44071;41
2019;Herbignac;44072;77
2019;Héric;44073;55
2019;Louisfert;44085;10
2019;Lusanger;44086;22
2019;La Montagne;44101;108
2019;Nort-sur-Erdre;44110;107
2019;Petit-Mars;44122;21
2019;Pontchâteau;44129;128
2019;Préfailles;44136;24
2019;Rouans;44145;13
2019;Rougé;44146;29
2019;Saint-Julien-de-Vouvantes;44170;22
2019;Saint-Mars-du-Désert;44179;19
2019;Saint-Michel-Chef-Chef;44182;70
2019;Saint-Nicolas-de-Redon;44185;75
2019;Saint-Viaud;44192;24
2019;Savenay;44195;84
2019;Teillé;44202;13
2019;Vieillevigne;44216;24
2015;Abbaretz;44001;43
2011;Aigrefeuille-sur-Maine;44002;33
2015;Basse-Goulaine;44009;108
2015;Belligné;44011;6
2013;Belligné;44011;30
2013;Blain;44015;203
2011;Bouaye;44018;49
2010;Bouguenais;44020;813
2012;Bouguenais;44020;442
2013;Bouguenais;44020;478
2012;Bouvron;44023;31
2015;Brains;44024;24
2010;Campbon;44025;35
2011;Campbon;44025;40
2013;Campbon;44025;35
2010;Carquefou;44026;177
2015;Casson;44027;20
2015;Château-Thébaud;44037;36
2013;Châteaubriant;44036;507
2013;Chauvé;44038;40
2014;Cheix-en-Retz;44039;5
2011;Cheix-en-Retz;44039;8
2014;Clisson;44043;147
2015;Clisson;44043;153
2013;Corcoué-sur-Logne;44156;41
2012;Cordemais;44045;30
2014;Corsept;44046;25
2012;Corsept;44046;23
2013;Corsept;44046;20
2012;Couëron;44047;332
2013;Couëron;44047;376
2010;Couffé;44048;13
2010;Derval;44051;46
2013;Fégréac;44057;41
2011;Geneston;44223;26
2010;Grand-Auverné;44065;17
2013;Grand-Auverné;44065;22
2013;Héric;44073;60
2015;Jans;44076;23
2012;Joué-sur-Erdre;44077;35
2013;La Baule-Escoublac;44055;374
2015;La Boissière-du-Doré;44016;10
2010;La Chapelle-Basse-Mer;44029;48
2011;La Chapelle-Basse-Mer;44029;48
2010;La Chapelle-des-Marais;44030;53
2015;La Chapelle-des-Marais;44030;70
2011;La Chapelle-Heulin;44032;28
2013;La Chapelle-Saint-Sauveur;44034;16
2014;La Chapelle-sur-Erdre;44035;306
2012;La Chapelle-sur-Erdre;44035;231
2015;La Grigonnais;44224;26
2012;La Grigonnais;44224;16
2010;La Haie-Fouassière;44070;39
2014;La Marne;44090;24
2011;La Marne;44090;13
2010;La Meilleraye-de-Bretagne;44095;20
2015;La Montagne;44101;135
2011;La Planche;44127;24
2011;La Remaudière;44141;12
2012;Lavau-sur-Loire;44080;10
2015;Le Bignon;44014;39
2014;Le Fresne-sur-Loire;44060;17
2012;Le Gâvre;44062;32
2013;Le Loroux-Bottereau;44084;130
2015;Le Pellerin;44120;120
2013;Le Pellerin;44120;83
2012;Le Pin;44124;13
2015;Le Pouliguen;44135;152
2011;Le Temple-de-Bretagne;44203;7
2013;Les Moutiers-en-Retz;44106;27
2012;Les Sorinières;44198;96
2011;Les Touches;44205;19
2010;Louisfert;44085;10
2011;Louisfert;44085;11
2015;Machecoul;44087;182
2013;Machecoul;44087;151
2013;Malville;44089;33
2013;Marsac-sur-Don;44091;26
2014;Mesquer;44097;42
2015;Mesquer;44097;46
2012;Missillac;44098;68
2013;Missillac;44098;73
2014;Monnières;44100;22
2012;Montbert;44102;19
2010;Montoir-de-Bretagne;44103;180
2015;Mouzeil;44107;25
2014;Mouzillon;44108;34
2015;Mouzillon;44108;30
2014;Nantes;44109;15817
2010;Nort-sur-Erdre;44110;105
2011;Nort-sur-Erdre;44110;110
2015;Notre-Dame-des-Landes;44111;30
2013;Noyal-sur-Brutz;44112;7
2010;Nozay;44113;79
2012;Nozay;44113;75
2010;Oudon;44115;43
2015;Pannecé;44118;24
2010;Paulx;44119;16
2012;Paulx;44119;25
2013;Paulx;44119;25
2015;Pont-Saint-Martin;44130;71
2014;Pontchâteau;44129;200
2010;Pontchâteau;44129;151
2013;Pontchâteau;44129;186
2013;Pornic;44131;301
2015;Port-Saint-Père;44133;27
2010;Port-Saint-Père;44133;28
2011;Préfailles;44136;28
2013;Préfailles;44136;34
2014;Prinquiau;44137;26
2010;Prinquiau;44137;19
2014;Rougé;44146;51
2013;Ruffigné;44148;20
2014;Saint-Aignan-Grandlieu;44150;47
2013;Saint-Aignan-Grandlieu;44150;41
2012;Saint-André-des-Eaux;44151;42
2010;Saint-Brevin-les-Pins;44154;195
2010;Saint-Étienne-de-Mer-Morte;44157;29
2014;Saint-Étienne-de-Montluc;44158;63
2014;Saint-Herblain;44162;2026
2011;Saint-Herblain;44162;1545
2014;Saint-Herblon;44163;17
2010;Saint-Herblon;44163;14
2010;Saint-Jean-de-Boiseau;44166;79
2013;Saint-Jean-de-Boiseau;44166;78
2014;Saint-Julien-de-Vouvantes;44170;18
2014;Saint-Léger-les-Vignes;44171;13
2015;Saint-Lumine-de-Coutais;44174;29
2012;Saint-Lumine-de-Coutais;44174;21
2014;Saint-Lyphard;44175;45
2014;Saint-Mars-de-Coutais;44178;37
2015;Saint-Mars-de-Coutais;44178;37
2015;Saint-Mars-du-Désert;44179;58
2015;Saint-Mars-la-Jaille;44180;51
2010;Saint-Michel-Chef-Chef;44182;67
2014;Saint-Molf;44183;31
2015;Saint-Père-en-Retz;44187;85
2010;Saint-Père-en-Retz;44187;66
2012;Saint-Père-en-Retz;44187;80
2012;Saint-Sébastien-sur-Loire;44190;457
2012;Saint-Sulpice-des-Landes;44191;7
2010;Saint-Viaud;44192;22
2010;Sainte-Anne-sur-Brivet;44152;24
2012;Savenay;44195;110
2013;Savenay;44195;135
2014;Soudan;44199;39
2015;Soudan;44199;42
2012;Thouaré-sur-Loire;44204;105
2012;Touvois;44206;27
2013;Touvois;44206;28
2015;Trans-sur-Erdre;44207;17
2014;Treffieux;44208;40
2015;Treffieux;44208;30
2013;Treillières;44209;76
2013;Trignac;44210;264
2012;Varades;44213;64
2014;Vay;44214;24
2015;Vertou;44215;397
2013;Vertou;44215;312
2010;Villepot;44218;6
2015;Vritz;44219;18
2014;Vue;44220;19
2010;Vue;44220;20
2016;Bonnoeuvre;44017;7
2016;Boussay;44022;18
2016;Châteaubriant;44036;370
2016;Château-Thébaud;44037;22
2016;Chéméré;44040;17
2016;Crossac;44050;15
2016;Gorges;44064;27
2016;Machecoul;44087;108
2016;Montbert;44102;14
2016;Montoir-de-Bretagne;44103;185
2016;Paulx;44119;15
2016;Petit-Auverné;44121;11
2016;Prinquiau;44137;13
2016;Rougé;44146;32
2016;Saint-Herblon;44163;18
2016;Sautron;44194;84
2016;Teillé;44202;12
2016;Vigneux-de-Bretagne;44217;31
2017;Besné;44013;20
2017;Bouaye;44018;77
2017;Bouguenais;44020;809
2017;Jans;44076;7
2017;La Chapelle-Glain;44031;11
2017;La Chapelle-sur-Erdre;44035;203
2017;Legé;44081;86
2017;Les Moutiers-en-Retz;44106;19
2017;Montbert;44102;13
2017;Nort-sur-Erdre;44110;97
2017;Paimboeuf;44116;103
2017;Pornichet;44132;186
2017;Pouillé-les-Côteaux;44134;7
2017;Rezé;44143;1259
2017;Saint-Colomban;44155;23
2017;Saint-Étienne-de-Montluc;44158;36
2017;Saint-Fiacre-sur-Maine;44159;8
2017;Saint-Hilaire-de-Chaléons;44164;16
2017;Saint-Lumine-de-Clisson;44173;17
2017;Saint-Vincent-des-Landes;44193;26
2017;Sautron;44194;82
2017;Vallet;44212;78
2017;Vertou;44215;298
2017;Vigneux-de-Bretagne;44217;30
2017;Villeneuve-en-Retz;44021;72
2018;La Bernerie-en-Retz;44012;46
2018;Blain;44015;160
2018;Villeneuve-en-Retz;44021;67
2018;Brains;44024;12
2018;La Chapelle-Launay;44033;11
2018;La Chevrolière;44041;32
2018;Clisson;44043;104
2018;Couëron;44047;307
2018;Erbray;44054;32
2018;Fay-de-Bretagne;44056;25
2018;Ligné;44082;27
2018;Mouzillon;44108;16
2018;Pornic;44131;247
2018;La Remaudière;44141;5
2018;Rezé;44143;1354
2018;Saint-Aignan-Grandlieu;44150;22
2018;Saint-Julien-de-Vouvantes;44170;23
2018;Saint-Philbert-de-Grand-Lieu;44188;74
2018;Soulvache;44200;12
2018;Sucé-sur-Erdre;44201;54
2018;Le Temple-de-Bretagne;44203;6
2018;Vay;44214;19
2018;Vigneux-de-Bretagne;44217;34
2019;Basse-Goulaine;44009;56
2019;Batz-sur-Mer;44010;47
2019;Villeneuve-en-Retz;44021;64
2019;La Chapelle-des-Marais;44030;55
2019;La Chevrolière;44041;36
2019;Derval;44051;35
2019;Gétigné;44063;15
2019;Grandchamps-des-Fontaines;44066;38
2019;Guenrouet;44068;44
2019;Ligné;44082;24
2019;La Meilleraye-de-Bretagne;44095;19
2019;Monnières;44100;12
2019;Nantes;44109;11995
2019;Notre-Dame-des-Landes;44111;20
2019;Noyal-sur-Brutz;44112;6
2019;Oudon;44115;32
2019;Le Pallet;44117;24
2019;Le Pin;44124;9
2019;Pornichet;44132;182
2019;Quilly;44139;12
2019;Remouillé;44142;10
2019;Corcoué-sur-Logne;44156;28
2019;Saint-Molf;44183;24
2019;Sainte-Reine-de-Bretagne;44189;12
2019;Soulvache;44200;13
2019;Sucé-sur-Erdre;44201;48
2019;La Chevallerais;44221;9
2014;La Roche-Blanche;44222;10
2015;La Roche-Blanche;44222;16
2013;La Roche-Blanche;44222;10
2014;La Rouxière;44147;16
2015;La Rouxière;44147;0
2014;Le Bignon;44014;39
2013;Le Fresne-sur-Loire;44060;14
2013;Le Gâvre;44062;42
2015;Le Landreau;44079;27
2014;Le Loroux-Bottereau;44084;130
2010;Le Loroux-Bottereau;44084;88
2011;Le Loroux-Bottereau;44084;100
2015;Le Pin;44124;24
2014;Le Pouliguen;44135;138
2010;Le Pouliguen;44135;116
2013;Le Pouliguen;44135;130
2013;Legé;44081;77
2011;Ligné;44082;34
2010;Lusanger;44086;15
2011;Monnières;44100;14
2012;Monnières;44100;16
2015;Montbert;44102;32
2011;Montrelais;44104;12
2011;Mouzeil;44107;12
2012;Mouzeil;44107;12
2011;Mouzillon;44108;27
2010;Nantes;44109;12766
2012;Notre-Dame-des-Landes;44111;16
2010;Orvault;44114;431
2014;Oudon;44115;47
2010;Paimboeuf;44116;123
2011;Paimboeuf;44116;124
2010;Pannecé;44118;14
2011;Paulx;44119;17
2014;Petit-Mars;44122;35
2015;Petit-Mars;44122;40
2011;Pierric;44123;17
2014;Plessé;44128;111
2010;Pont-Saint-Martin;44130;52
2015;Pouillé-les-Côteaux;44134;13
2011;Pouillé-les-Côteaux;44134;6
2013;Puceul;44138;11
2013;Remouillé;44142;19
2010;Rouans;44145;25
2013;Saint-Aubin-des-Châteaux;44153;35
2014;Saint-Colomban;44155;36
2012;Saint-Colomban;44155;27
2013;Saint-Colomban;44155;32
2015;Saint-Fiacre-sur-Maine;44159;10
2012;Saint-Jean-de-Boiseau;44166;83
2010;Saint-Joachim;44168;62
2011;Saint-Joachim;44168;66
2014;Saint-Julien-de-Concelles;44169;80
2011;Saint-Julien-de-Concelles;44169;63
2011;Saint-Julien-de-Vouvantes;44170;19
2012;Saint-Léger-les-Vignes;44171;7
2011;Saint-Lumine-de-Clisson;44173;19
2013;Saint-Lumine-de-Coutais;44174;20
2015;Saint-Lyphard;44175;41
2011;Saint-Malo-de-Guersac;44176;41
2013;Saint-Malo-de-Guersac;44176;38
2012;Saint-Molf;44183;26
2010;Saint-Nazaire;44184;3069
2014;Saint-Nicolas-de-Redon;44185;78
2012;Saint-Nicolas-de-Redon;44185;78
2013;Saint-Sébastien-sur-Loire;44190;522
2013;Saint-Sulpice-des-Landes;44191;12
2012;Saint-Viaud;44192;24
2013;Sainte-Anne-sur-Brivet;44152;27
2014;Sainte-Luce-sur-Loire;44172;241
2014;Sainte-Pazanne;44186;76
2014;Sainte-Reine-de-Bretagne;44189;40
2014;Sautron;44194;105
2012;Sautron;44194;66
2015;Savenay;44195;130
2011;Soudan;44199;32
2011;Touvois;44206;18
2015;Treillières;44209;104
2010;Trignac;44210;186
2011;Trignac;44210;219
2015;Vallet;44212;145
2011;Vallet;44212;106
2011;Varades;44213;53
2012;Vay;44214;25
2014;Vieillevigne;44216;42
2012;Vieillevigne;44216;51
2014;Vigneux-de-Bretagne;44217;50
2015;Vigneux-de-Bretagne;44217;59
2016;Aigrefeuille-sur-Maine;44002;25
2016;Belligné;44011;17
2016;Carquefou;44026;149
2016;Erbray;44054;27
2016;La Chapelle-des-Marais;44030;47
2016;La Chevrolière;44041;43
2016;La Haie-Fouassière;44070;22
2016;La Meilleraye-de-Bretagne;44095;17
2016;Lavau-sur-Loire;44080;11
2016;Le Loroux-Bottereau;44084;88
2016;Le Pin;44124;11
2016;Legé;44081;78
2016;Les Moutiers-en-Retz;44106;20
2016;Malville;44089;23
2016;Missillac;44098;42
2016;Mouais;44105;7
2016;Nantes;44109;11854
2016;Plessé;44128;83
2016;Port-Saint-Père;44133;24
2016;Préfailles;44136;28
2016;Sainte-Anne-sur-Brivet;44152;13
2016;Saint-Étienne-de-Montluc;44158;42
2016;Saint-Herblain;44162;1496
2016;Saint-Hilaire-de-Clisson;44165;6
2016;Saint-Jean-de-Boiseau;44166;54
2016;Saint-Julien-de-Concelles;44169;52
2016;Saint-Lumine-de-Coutais;44174;12
2016;Saint-Molf;44183;26
2016;Saint-Nazaire;44184;2694
2016;Saint-Sébastien-sur-Loire;44190;448
2016;Savenay;44195;80
2016;Sion-les-Mines;44197;39
2016;Vieillevigne;44216;31
2016;Vue;44220;12
2017;Assérac;44006;22
2017;Avessac;44007;37
2017;Brains;44024;11
2017;Chaumes-en-Retz;44005;61
2017;Chauvé;44038;25
2017;Derval;44051;39
2017;Fégréac;44057;43
2017;Guérande;44069;241
2017;Herbignac;44072;57
2017;La Chapelle-des-Marais;44030;54
2017;La Roche-Blanche;44222;6
2017;Le Temple-de-Bretagne;44203;5
2017;Machecoul-Saint-Même;44087;120
2017;Massérac;44092;15
2017;Missillac;44098;46
2017;Monnières;44100;12
2017;Montoir-de-Bretagne;44103;173
2017;Mouzillon;44108;18
2017;Oudon;44115;26
2017;Pannecé;44118;9
2017;Puceul;44138;5
2017;Saint-Géréon;44160;15
2017;Saint-Herblain;44162;1540
2017;Saint-Julien-de-Concelles;44169;50
2017;Saint-Lumine-de-Coutais;44174;8
2017;Saint-Michel-Chef-Chef;44182;66
2017;Saint-Molf;44183;28
2017;Soulvache;44200;15
2017;Trans-sur-Erdre;44207;9
2017;Trignac;44210;205
2017;Vay;44214;21
2019;Aigrefeuille-sur-Maine;44002;20
2019;Bouaye;44018;74
2019;Bouguenais;44020;865
2019;Brains;44024;14
2019;Casson;44027;14
2019;Divatte-sur-Loire;44029;41
2019;Cheix-en-Retz;44039;5
2019;Couffé;44048;15
2019;Indre;44074;78
2019;Jans;44076;10
2019;Maisdon-sur-Sèvre;44088;12
2019;La Marne;44090;17
2019;Missillac;44098;42
2019;Mouzillon;44108;19
2019;Pont-Saint-Martin;44130;75
2019;Port-Saint-Père;44133;32
2019;Le Pouliguen;44135;112
2019;Puceul;44138;9
2019;La Regrippière;44140;10
2019;Rezé;44143;1351
2019;Riaillé;44144;22
2019;Saint-Aubin-des-Châteaux;44153;34
2019;Saint-Herblain;44162;1653
2019;Saint-Hilaire-de-Clisson;44165;8
2019;Saint-Jean-de-Boiseau;44166;68
2019;Saint-Lumine-de-Clisson;44173;19
2019;Saint-Lyphard;44175;25
2019;Sainte-Pazanne;44186;34
2019;Saint-Sébastien-sur-Loire;44190;422
2019;Saint-Vincent-des-Landes;44193;31
2019;Sévérac;44196;16
2019;Sion-les-Mines;44197;31
2019;Le Temple-de-Bretagne;44203;8
2019;Treffieux;44208;16
2019;Trignac;44210;183
2019;Vay;44214;17
2019;Vertou;44215;292
2018;La Chapelle-des-Marais;44030;52
2018;Donges;44052;139
2018;Frossay;44061;25
2018;Indre;44074;80
2018;Louisfert;44085;8
2018;Mauves-sur-Loire;44094;17
2018;Moisdon-la-Rivière;44099;37
2018;Mouzeil;44107;13
2018;Nantes;44109;11763
2018;Noyal-sur-Brutz;44112;6
2018;Puceul;44138;6
2018;Remouillé;44142;14
2018;Saint-Hilaire-de-Clisson;44165;11
2018;Saint-Michel-Chef-Chef;44182;72
2018;Savenay;44195;74
2018;Soudan;44199;38
2018;Teillé;44202;14
2018;La Grigonnais;44224;14
2012;Arthon-en-Retz;44005;47
2013;Assérac;44006;33
2011;Batz-sur-Mer;44010;58
2011;Besné;44013;23
2012;Besné;44013;33
2013;Besné;44013;36
2010;Blain;44015;177
2014;Blain;44015;219
2014;Bouguenais;44020;926
2015;Bouguenais;44020;940
2015;Bourgneuf-en-Retz;44021;94
2013;Boussay;44022;29
2010;Bouvron;44023;30
2014;Bouvron;44023;42
2013;Bouvron;44023;37
2012;Brains;44024;19
2014;Carquefou;44026;193
2011;Carquefou;44026;168
2013;Carquefou;44026;194
2012;Casson;44027;12
2014;Château-Thébaud;44037;25
2011;Château-Thébaud;44037;13
2012;Châteaubriant;44036;424
2012;Chauvé;44038;28
2010;Cheix-en-Retz;44039;6
2012;Cheix-en-Retz;44039;7
2010;Chéméré;44040;26
2013;Chéméré;44040;26
2013;Clisson;44043;131
2015;Conquereuil;44044;31
2013;Conquereuil;44044;27
2011;Cordemais;44045;28
2010;Corsept;44046;19
2011;Corsept;44046;23
2014;Erbray;44054;49
2015;Erbray;44054;55
2012;Erbray;44054;39
2013;Erbray;44054;43
2011;Fay-de-Bretagne;44056;26
2012;Fay-de-Bretagne;44056;31
2010;Fégréac;44057;39
2011;Fercé;44058;7
2012;Fercé;44058;5
2011;Frossay;44061;36
2015;Grand-Auverné;44065;22
2011;Grand-Auverné;44065;11
2015;Grandchamps-des-Fontaines;44066;56
2014;Guenrouet;44068;65
2015;Guenrouet;44068;72
2011;Guenrouet;44068;53
2014;Haute-Goulaine;44071;52
2013;Herbignac;44072;98
2010;La Bernerie-en-Retz;44012;66
2011;La Bernerie-en-Retz;44012;56
2013;La Chapelle-des-Marais;44030;63
2011;La Chapelle-Glain;44031;14
2013;La Chapelle-Glain;44031;18
2012;La Chapelle-Heulin;44032;24
2011;La Chapelle-Launay;44033;18
2015;La Chapelle-sur-Erdre;44035;327
2011;La Chapelle-sur-Erdre;44035;207
2014;La Chevallerais;44221;6
2010;La Chevallerais;44221;11
2011;La Grigonnais;44224;22
2014;La Haie-Fouassière;44070;34
2015;La Haie-Fouassière;44070;41
2011;La Haie-Fouassière;44070;33
2015;La Marne;44090;22
2014;La Meilleraye-de-Bretagne;44095;30
2011;La Meilleraye-de-Bretagne;44095;19
2011;La Montagne;44101;100
2013;La Montagne;44101;104
2013;La Plaine-sur-Mer;44126;71
2014;La Planche;44127;31
2011;La Regrippière;44140;15
2019;Carquefou;44026;169
2019;La Chapelle-Heulin;44032;11
2019;Châteaubriant;44036;379
2019;Chauvé;44038;16
2019;Corsept;44046;18
2019;Fégréac;44057;35
2019;Issé;44075;35
2019;Juigné-des-Moutiers;44078;5
2019;Machecoul-Saint-Même;44087;134
2019;Mauves-sur-Loire;44094;18
2019;Moisdon-la-Rivière;44099;29
2019;Montrelais;44104;10
2019;Mouzeil;44107;12
2019;Orvault;44114;500
2019;Paimboeuf;44116;80
2019;Le Pellerin;44120;71
2019;Saint-André-des-Eaux;44151;38
2019;Saint-Brevin-les-Pins;44154;170
2019;Saint-Colomban;44155;34
2019;Saint-Léger-les-Vignes;44171;7
2019;Saint-Nazaire;44184;2656
2019;Saint-Philbert-de-Grand-Lieu;44188;71
2019;Thouaré-sur-Loire;44204;122
2019;Vallet;44212;96
2019;Vue;44220;13
2019;La Roche-Blanche;44222;8
2010;La Remaudière;44141;9
2013;La Remaudière;44141;18
2012;La Roche-Blanche;44222;9
2012;La Rouxière;44147;17
2011;La Turballe;44211;93
2013;La Turballe;44211;93
2010;Le Bignon;44014;30
2012;Le Bignon;44014;27
2014;Le Cellier;44028;47
2012;Le Croisic;44049;79
2015;Le Gâvre;44062;35
2010;Le Landreau;44079;19
2012;Le Landreau;44079;28
2013;Le Landreau;44079;30
2015;Le Pallet;44117;46
2010;Legé;44081;58
2010;Les Sorinières;44198;83
2011;Les Sorinières;44198;91
2015;Ligné;44082;54
2010;Ligné;44082;42
2012;Louisfert;44085;16
2014;Lusanger;44086;35
2011;Lusanger;44086;27
2012;Lusanger;44086;30
2014;Machecoul;44087;159
2012;Machecoul;44087;125
2011;Maisdon-sur-Sèvre;44088;17
2012;Maisdon-sur-Sèvre;44088;26
2014;Malville;44089;44
2014;Marsac-sur-Don;44091;24
2013;Maumusson;44093;13
2015;Mésanger;44096;57
2013;Mésanger;44096;54
2010;Mesquer;44097;23
2014;Moisdon-la-Rivière;44099;37
2012;Moisdon-la-Rivière;44099;39
2015;Monnières;44100;28
2014;Mouzeil;44107;24
2010;Mouzeil;44107;12
2015;Nantes;44109;16518
2013;Nantes;44109;14805
2010;Notre-Dame-des-Landes;44111;22
2013;Oudon;44115;45
2015;Paimboeuf;44116;151
2012;Petit-Auverné;44121;11
2010;Piriac-sur-Mer;44125;28
2015;Plessé;44128;124
2012;Plessé;44128;109
2014;Préfailles;44136;39
2014;Puceul;44138;13
2011;Puceul;44138;5
2015;Quilly;44139;23
2014;Rouans;44145;28
2013;Rouans;44145;25
2010;Ruffigné;44148;18
2010;Saffré;44149;53
2015;Saint-Aignan-Grandlieu;44150;55
2014;Saint-André-des-Eaux;44151;60
2015;Saint-André-des-Eaux;44151;74
2011;Saint-Aubin-des-Châteaux;44153;23
2010;Saint-Colomban;44155;21
2012;Saint-Géréon;44160;11
2013;Saint-Herblain;44162;1793
2014;Saint-Hilaire-de-Chaléons;44164;37
2011;Saint-Hilaire-de-Clisson;44165;11
2013;Saint-Joachim;44168;57
2012;Saint-Julien-de-Concelles;44169;59
2015;Saint-Julien-de-Vouvantes;44170;23
2010;Saint-Julien-de-Vouvantes;44170;18
2012;Saint-Mars-du-Désert;44179;31
2013;Saint-Mars-du-Désert;44179;33
2011;Saint-Mars-la-Jaille;44180;56
2010;Saint-Molf;44183;26
2011;Saint-Molf;44183;24
2011;Saint-Nazaire;44184;2987
2013;Saint-Nazaire;44184;3399
2015;Saint-Nicolas-de-Redon;44185;81
2011;Saint-Père-en-Retz;44187;61
2015;Saint-Sébastien-sur-Loire;44190;649
2015;Saint-Viaud;44192;34
2010;Saint-Vincent-des-Landes;44193;28
2015;Sainte-Pazanne;44186;81
2012;Sainte-Pazanne;44186;68
2013;Sainte-Pazanne;44186;60
2011;Sévérac;44196;27
2015;Sion-les-Mines;44197;60
2010;Soulvache;44200;16
2011;Soulvache;44200;16
2010;Sucé-sur-Erdre;44201;57
2011;Teillé;44202;17
2013;Teillé;44202;25
2014;Trans-sur-Erdre;44207;13
2010;Trans-sur-Erdre;44207;15
2011;Trans-sur-Erdre;44207;15
2010;Treffieux;44208;28
2012;Treffieux;44208;26
2014;Treillières;44209;89
2011;Treillières;44209;69
2015;Varades;44213;158
2011;Vay;44214;23
2011;Vertou;44215;265
2012;Vertou;44215;285
2015;Vieillevigne;44216;57
2012;Vigneux-de-Bretagne;44217;45
2010;Vritz;44219;12
2012;Vritz;44219;15
2015;Vue;44220;24
2012;Vue;44220;18
2013;Vue;44220;15
2015;Aigrefeuille-sur-Maine;44002;38
2010;Arthon-en-Retz;44005;43
2013;Arthon-en-Retz;44005;56
2014;Arthon-en-Retz;44005;65
2011;Assérac;44006;28
2012;Assérac;44006;34
2014;Assérac;44006;45
2012;Barbechat;44008;11
2015;Besné;44013;42
2011;Blain;44015;180
2015;Bonnoeuvre;44017;16
2010;Bouaye;44018;42
2014;Bouaye;44018;87
2013;Bouée;44019;11
2011;Bourgneuf-en-Retz;44021;52
2013;Brains;44024;18
2014;Conquereuil;44044;32
2014;Corcoué-sur-Logne;44156;43
2015;Corcoué-sur-Logne;44156;43
2014;Cordemais;44045;36
2014;Couëron;44047;381
2014;Crossac;44050;34
2012;Crossac;44050;24
2011;Drefféac;44053;31
2011;Erbray;44054;32
2015;Fay-de-Bretagne;44056;47
2010;Fay-de-Bretagne;44056;39
2012;Fégréac;44057;33
2010;Fercé;44058;8
2015;Geneston;44223;35
2010;Gétigné;44063;26
2012;Gétigné;44063;37
2010;Gorges;44064;27
2014;Guémené-Penfao;44067;175
2010;Guémené-Penfao;44067;144
2012;Guérande;44069;285
2015;Haute-Goulaine;44071;66
2012;Haute-Goulaine;44071;43
2014;Héric;44073;69
2012;Héric;44073;58
2013;Indre;44074;100
2014;Issé;44075;48
2012;Jans;44076;19
2012;Juigné-des-Moutiers;44078;6
2012;La Chapelle-des-Marais;44030;63
2013;La Chapelle-Heulin;44032;23
2011;La Chevrolière;44041;45
2014;La Grigonnais;44224;18
2013;La Haie-Fouassière;44070;45
2010;La Limouzinière;44083;22
2010;La Plaine-sur-Mer;44126;56
2012;La Plaine-sur-Mer;44126;69
2010;La Planche;44127;33
2010;La Regrippière;44140;17
2014;La Remaudière;44141;14
2016;Assérac;44006;17
2016;Chauvé;44038;32
2016;Conquereuil;44044;17
2016;Fégréac;44057;36
2016;Haute-Goulaine;44071;38
2016;Herbignac;44072;62
2016;Joué-sur-Erdre;44077;28
2016;La Chapelle-Heulin;44032;11
2016;La Chevallerais;44221;7
2016;Le Bignon;44014;23
2016;Le Pallet;44117;24
2016;Maumusson;44093;6
2016;Mesquer;44097;30
2016;Notre-Dame-des-Landes;44111;25
2016;Noyal-sur-Brutz;44112;7
2016;Pouillé-les-Côteaux;44134;6
2016;Rouans;44145;18
2016;Ruffigné;44148;22
2016;Sainte-Luce-sur-Loire;44172;184
2016;Saint-Fiacre-sur-Maine;44159;5
2016;Saint-Géréon;44160;16
2016;Saint-Léger-les-Vignes;44171;5
2016;Saint-Sulpice-des-Landes;44191;11
2016;Soulvache;44200;15
2016;Touvois;44206;30
2017;Aigrefeuille-sur-Maine;44002;23
2017;Ancenis;44003;200
2017;Château-Thébaud;44037;23
2017;Gorges;44064;26
2017;Guémené-Penfao;44067;136
2017;Indre;44074;79
2017;La Chapelle-Heulin;44032;16
2017;La Limouzinière;44083;20
2017;La Remaudière;44141;7
2017;Le Cellier;44028;32
2017;Marsac-sur-Don;44091;13
2017;Moisdon-la-Rivière;44099;29
2017;Mouais;44105;10
2017;Mouzeil;44107;12
2017;Quilly;44139;12
2017;Saint-André-des-Eaux;44151;43
2017;Saint-Léger-les-Vignes;44171;5
2017;Saint-Mars-de-Coutais;44178;16
2017;Saint-Nicolas-de-Redon;44185;73
2017;Sévérac;44196;20
2017;Villepot;44218;9
2018;Abbaretz;44001;16
2018;Basse-Goulaine;44009;70
2018;Batz-sur-Mer;44010;52
2018;La Boissière-du-Doré;44016;6
2018;Bouaye;44018;74
2018;Divatte-sur-Loire;44029;42
2018;La Chapelle-Glain;44031;12
2018;Château-Thébaud;44037;18
2018;Chauvé;44038;21
2018;Gétigné;44063;17
2018;Grand-Auverné;44065;20
2018;Haute-Goulaine;44071;43
2018;Issé;44075;34
2018;Jans;44076;7
2018;Le Landreau;44079;11
2018;La Limouzinière;44083;23
2018;Le Loroux-Bottereau;44084;55
2018;La Marne;44090;12
2018;La Meilleraye-de-Bretagne;44095;16
2018;Mesquer;44097;32
2018;Notre-Dame-des-Landes;44111;30
2018;Nozay;44113;61
2018;La Planche;44127;14
2018;Pontchâteau;44129;135
2018;Riaillé;44144;34
2018;Saint-Gildas-des-Bois;44161;33
2018;Saint-Joachim;44168;50
2018;Saint-Lumine-de-Coutais;44174;15
2018;Saint-Père-en-Retz;44187;47
2018;Saint-Vincent-des-Landes;44193;27
2018;Thouaré-sur-Loire;44204;111
2018;La Turballe;44211;83
2018;Vue;44220;9
2018;La Chevallerais;44221;8
2010;La Roche-Blanche;44222;11
2011;La Roche-Blanche;44222;10
2012;La Turballe;44211;85
2010;Lavau-sur-Loire;44080;10
2010;Le Cellier;44028;51
2011;Le Croisic;44049;76
2012;Le Fresne-sur-Loire;44060;16
2013;Le Pallet;44117;34
2010;Le Pellerin;44120;66
2013;Le Pin;44124;13
2012;Le Temple-de-Bretagne;44203;11
2010;Les Moutiers-en-Retz;44106;19
2015;Les Sorinières;44198;123
2012;Ligné;44082;33
2014;Louisfert;44085;17
2015;Lusanger;44086;37
2013;Lusanger;44086;29
2010;Machecoul;44087;119
2011;Machecoul;44087;115
2010;Mauves-sur-Loire;44094;22
2013;Mauves-sur-Loire;44094;33
2014;Missillac;44098;82
2011;Missillac;44098;57
2010;Moisdon-la-Rivière;44099;33
2010;Montbert;44102;27
2015;Montoir-de-Bretagne;44103;249
2011;Montoir-de-Bretagne;44103;204
2012;Montoir-de-Bretagne;44103;201
2012;Montrelais;44104;14
2013;Mouais;44105;7
2011;Nantes;44109;12966
2012;Nantes;44109;13487
2014;Nort-sur-Erdre;44110;134
2015;Nort-sur-Erdre;44110;155
2013;Nort-sur-Erdre;44110;123
2013;Notre-Dame-des-Landes;44111;21
2014;Noyal-sur-Brutz;44112;6
2013;Nozay;44113;86
2015;Orvault;44114;706
2014;Pannecé;44118;22
2012;Pierric;44123;18
2014;Piriac-sur-Mer;44125;56
2015;Piriac-sur-Mer;44125;46
2013;Piriac-sur-Mer;44125;47
2010;Plessé;44128;96
2011;Pont-Saint-Martin;44130;60
2012;Pontchâteau;44129;176
2014;Pornichet;44132;269
2012;Pornichet;44132;240
2011;Prinquiau;44137;24
2013;Prinquiau;44137;22
2015;Puceul;44138;10
2012;Remouillé;44142;17
2010;Rezé;44143;1172
2011;Rezé;44143;1216
2014;Riaillé;44144;46
2014;Saffré;44149;48
2010;Saint-André-des-Eaux;44151;37
2010;Saint-Aubin-des-Châteaux;44153;36
2014;Saint-Brevin-les-Pins;44154;240
2012;Saint-Brevin-les-Pins;44154;207
2015;Saint-Colomban;44155;44
2012;Saint-Étienne-de-Mer-Morte;44157;21
2015;Saint-Étienne-de-Montluc;44158;84
2012;Saint-Étienne-de-Montluc;44158;51
2014;Saint-Fiacre-sur-Maine;44159;7
2015;Saint-Géréon;44160;34
2015;Saint-Gildas-des-Bois;44161;78
2015;Saint-Herblain;44162;2168
2012;Saint-Herblain;44162;1611
2015;Saint-Herblon;44163;33
2011;Saint-Herblon;44163;15
2012;Saint-Herblon;44163;7
2010;Saint-Hilaire-de-Chaléons;44164;20
2012;Saint-Hilaire-de-Chaléons;44164;20
2012;Saint-Hilaire-de-Clisson;44165;17
2014;Saint-Jean-de-Boiseau;44166;80
2014;Saint-Joachim;44168;71
2015;Saint-Julien-de-Concelles;44169;77
2010;Saint-Julien-de-Concelles;44169;66
2010;Saint-Lumine-de-Clisson;44173;22
2010;Saint-Lumine-de-Coutais;44174;15
2011;Saint-Lumine-de-Coutais;44174;13
2011;Saint-Mars-de-Coutais;44178;28
2012;Saint-Mars-la-Jaille;44180;45
2010;Saint-Nicolas-de-Redon;44185;70
2014;Saint-Père-en-Retz;44187;78
2011;Saint-Philbert-de-Grand-Lieu;44188;99
2014;Saint-Sébastien-sur-Loire;44190;555
2015;Saint-Sulpice-des-Landes;44191;13
2014;Saint-Viaud;44192;24
2013;Saint-Viaud;44192;22
2014;Saint-Vincent-des-Landes;44193;39
2012;Saint-Vincent-des-Landes;44193;37
2013;Saint-Vincent-des-Landes;44193;42
2014;Sainte-Anne-sur-Brivet;44152;26
2011;Sainte-Anne-sur-Brivet;44152;20
2012;Sainte-Anne-sur-Brivet;44152;25
2015;Sainte-Luce-sur-Loire;44172;277
2010;Sainte-Luce-sur-Loire;44172;147
2012;Sainte-Luce-sur-Loire;44172;185
2015;Sainte-Reine-de-Bretagne;44189;30
2015;Sévérac;44196;33
2015;Soulvache;44200;18
2013;Trans-sur-Erdre;44207;15
2011;Treffieux;44208;25
2013;Treffieux;44208;31
2010;Treillières;44209;73
2012;Treillières;44209;66
2012;Trignac;44210;231
2014;Vallet;44212;135
2014;Varades;44213;63
2015;Vay;44214;29
2014;Vertou;44215;362
2010;Vieillevigne;44216;40
2012;Villepot;44218;7
2014;Abbaretz;44001;41
2010;Anetz;44004;21
2010;Avessac;44007;46
2014;Avessac;44007;67
2010;Barbechat;44008;10
2011;Basse-Goulaine;44009;78
2015;Batz-sur-Mer;44010;82
2014;Besné;44013;36
2011;Bonnoeuvre;44017;8
2014;Bouée;44019;8
2012;Bouée;44019;8
2012;Bourgneuf-en-Retz;44021;59
2015;Bouvron;44023;38
2011;Bouvron;44023;33
2010;Brains;44024;23
2011;Casson;44027;19
2010;Château-Thébaud;44037;12
2013;Château-Thébaud;44037;22
2015;Chauvé;44038;42
2011;Chauvé;44038;26
2015;Cheix-en-Retz;44039;7
2010;Clisson;44043;94
2011;Conquereuil;44044;30
2013;Cordemais;44045;37
2011;Couëron;44047;300
2014;Couffé;44048;27
2010;Crossac;44050;20
2013;Derval;44051;64
2015;Donges;44052;197
2010;Donges;44052;128
2011;Donges;44052;143
2010;Erbray;44054;36
2014;Fercé;44058;10
2015;Fercé;44058;11
2014;Fresnay-en-Retz;44059;21
2010;Fresnay-en-Retz;44059;10
2012;Fresnay-en-Retz;44059;13
2014;Frossay;44061;49
2010;Frossay;44061;37
2011;Gétigné;44063;29
2014;Grand-Auverné;44065;18
2013;Guémené-Penfao;44067;176
2011;Guérande;44069;269
2010;Héric;44073;50
2015;Joué-sur-Erdre;44077;50
2012;La Bernerie-en-Retz;44012;58
2013;La Chapelle-Basse-Mer;44029;56
2011;La Chapelle-des-Marais;44030;53
2013;La Chapelle-sur-Erdre;44035;261
2013;La Chevallerais;44221;10
2014;La Chevrolière;44041;53
2015;La Limouzinière;44083;29
2012;La Limouzinière;44083;29
2010;La Marne;44090;17
2013;La Meilleraye-de-Bretagne;44095;25
2012;La Montagne;44101;106
2015;La Plaine-sur-Mer;44126;79
2016;Ancenis;44003;206
2016;Besné;44013;27
2016;Bourgneuf-en-Retz;44021;56
2016;Brains;44024;7
2016;Campbon;44025;21
2016;Cheix-en-Retz;44039;7
2016;Clisson;44043;110
2016;Corcoué-sur-Logne;44156;23
2016;Corsept;44046;23
2016;Couffé;44048;19
2016;Fercé;44058;7
2016;Fresnay-en-Retz;44059;8
2016;Grand-Auverné;44065;12
2016;Guémené-Penfao;44067;145
2016;La Chapelle-Launay;44033;11
2016;La Plaine-sur-Mer;44126;58
2016;Le Pouliguen;44135;110
2016;Les Touches;44205;34
2016;Monnières;44100;17
2016;Mouzeil;44107;13
2016;Nozay;44113;58
2016;Paimboeuf;44116;110
2016;Pierric;44123;17
2016;Remouillé;44142;11
2016;Saint-Gildas-des-Bois;44161;30
2016;Saint-Joachim;44168;49
2016;Saint-Michel-Chef-Chef;44182;63
2016;Saint-Nicolas-de-Redon;44185;70
2016;Soudan;44199;33
2016;Treillières;44209;77
2016;Vritz;44219;11
2017;Bonnoeuvre;44017;0
2017;Bouée;44019;10
2017;Clisson;44043;109
2017;Conquereuil;44044;18
2017;Couffé;44048;18
2017;Donges;44052;137
2017;Gétigné;44063;17
2017;La Chevallerais;44221;6
2017;La Plaine-sur-Mer;44126;53
2017;Le Croisic;44049;65
2017;Le Gâvre;44062;15
2017;Loireauxence;44213;109
2017;Nantes;44109;11945
2017;Nozay;44113;59
2017;Pierric;44123;18
2017;Ruffigné;44148;20
2017;Saint-Étienne-de-Mer-Morte;44157;17
2017;Touvois;44206;25
2017;Vieillevigne;44216;27
2018;Chaumes-en-Retz;44005;63
2018;Campbon;44025;27
2018;Cordemais;44045;18
2018;Fégréac;44057;39
2018;Fercé;44058;7
2018;Héric;44073;42
2018;Lusanger;44086;19
2018;Malville;44089;26
2018;Missillac;44098;45
2018;Mouais;44105;7
2018;Nort-sur-Erdre;44110;98
2018;Paulx;44119;24
2018;Le Pellerin;44120;75
2018;Le Pin;44124;9
2018;Sainte-Anne-sur-Brivet;44152;15
2018;Corcoué-sur-Logne;44156;27
2018;Saint-Herblain;44162;1637
2018;Vair-sur-Loire;44163;26
2018;Saint-Lumine-de-Clisson;44173;20
2018;Saint-Malo-de-Guersac;44176;21
2018;Saint-Molf;44183;30
2018;Trans-sur-Erdre;44207;7
2018;Vallet;44212;81
2018;Vertou;44215;279
2019;Abbaretz;44001;15
2019;Besné;44013;16
2019;Blain;44015;164
2019;Le Cellier;44028;42
2019;La Chapelle-sur-Erdre;44035;228
2019;La Baule-Escoublac;44055;273
2019;Fercé;44058;7
2019;Lavau-sur-Loire;44080;5
2019;Le Loroux-Bottereau;44084;67
2019;Massérac;44092;18
2019;Montoir-de-Bretagne;44103;168
2019;Pannecé;44118;6
2019;Pierric;44123;14
2019;La Plaine-sur-Mer;44126;69
2019;Pornic;44131;247
2019;Saint-Étienne-de-Montluc;44158;51
2019;Saint-Joachim;44168;48
2019;Sainte-Luce-sur-Loire;44172;219
2019;Saint-Lumine-de-Coutais;44174;11
2019;Saint-Malo-de-Guersac;44176;27
2019;Treillières;44209;75
2019;La Turballe;44211;76
2019;La Grigonnais;44224;18
